{"search":{"2":{"title":""},"_multiwidget":1},"text":{"1":[],"2":{"title":"","text":"<img class=\"footer-logo alignnone\" src=\"https:\/\/listeo.staging.wpengine.com\/wp-content\/uploads\/2018\/11\/logo.png\" alt=\"\" width=\"191\" height=\"59\" \/>\r\n\r\nMorbi convallis bibendum urna ut viverra. Maecenas quis consequat libero, a feugiat eros. Nunc ut lacinia tortor morbi ultricies laoreet ullamcorper phasellus semper.","filter":true,"visual":true},"3":{"title":"Contact Us","text":"12345 Little Lonsdale St, Melbourne\r\nPhone:\u00a0(123) 123-456\r\nE-Mail:\u00a0<a href=\"#\">office@example.com<\/a>","filter":true,"visual":true},"4":{"title":"Got Any Question?","text":"<div class=\"info-box margin-bottom-10\">\r\n\r\nIf you are having any questions, please feel free to ask.\r\n\r\n<a class=\"button fullwidth margin-top-20\" href=\"\/contact\/\"><i class=\"fa fa-envelope-o\"><\/i> Drop Us a Line<\/a>\r\n\r\n<\/div>","filter":true,"visual":true},"_multiwidget":1},"pt-social-icons":{"2":{"title":"","icons":{"facebook":"https:\/\/www.facebook.com\/purethemes\/","instagram":"#","twitter":"#"},"size":"","bg_color":"#ffffff","icons_color":"#A0A0A0","target":"_self"},"3":{"title":"Social","icons":{"twitter":"#","facebook":"#","pinterest":"#","linkedin":"#"},"size":"","bg_color":"#F2F2F2","icons_color":"#A0A0A0","target":"_self"},"_multiwidget":1},"nav_menu":{"2":{"title":"Helpful Links","nav_menu":25},"4":{"nav_menu":43},"_multiwidget":1},"widget_booking_listings":{"2":{"title":"Booking"},"_multiwidget":1},"widget_contact_widget_listeo":{"2":{"title":"Message Vendor","contact":"1036"},"_multiwidget":1},"widget_opening_hours":{"2":{"title":"Opening Hours"},"_multiwidget":1},"widget_listing_owner":{"2":{"title":"Added By","phone":"on","email":"on","social":"on","contact":"on"},"_multiwidget":1},"widget_buttons_listings":{"2":{"bookmarks":"on","share":"on"},"_multiwidget":1},"widget_search_form_listings":{"2":{"title":"Filters","action":"archive"},"_multiwidget":1}}